Group,Step1,Question1,Tip1,Step2,Question2,Tip2,Step3,Question3,Tip3,image_url
9,Building Height,Estimate average building height on each side of the street,"Building height: height in feet, assuming 10 feet (3.04 meters) per floor, including the roof floor of buildings with slanted roofs and dormers and any visible sunken floors|Note the height of the buildings on each side, whether they are set back, and the percentage of the block that the buildings of the same height occupy to compute the average|Record “200 feet (60.96 meters)” if you know the building is over 20 floors and you cannot make a better estimate|If you can't tell where one floor starts and the next begins, try using a building with a known height near it as a guide|If the building has different heights, count to the highest floor of the building",,,,,,,https://contribua.org/bairros/norte/centro/Rua_Doutor_Severino_Cruz__411__90.jpg
9,Building Height,Estimate average building height on each side of the street,"Building height: height in feet, assuming 10 feet (3.04 meters) per floor, including the roof floor of buildings with slanted roofs and dormers and any visible sunken floors|Note the height of the buildings on each side, whether they are set back, and the percentage of the block that the buildings of the same height occupy to compute the average|Record “200 feet (60.96 meters)” if you know the building is over 20 floors and you cannot make a better estimate|If you can't tell where one floor starts and the next begins, try using a building with a known height near it as a guide|If the building has different heights, count to the highest floor of the building",,,,,,,https://contribua.org/bairros/oeste/catole/Rua_Inacio_Marques_da_Silva__434_270.jpg
9,Building Height,Estimate average building height on each side of the street,"Building height: height in feet, assuming 10 feet (3.04 meters) per floor, including the roof floor of buildings with slanted roofs and dormers and any visible sunken floors|Note the height of the buildings on each side, whether they are set back, and the percentage of the block that the buildings of the same height occupy to compute the average|Record “200 feet (60.96 meters)” if you know the building is over 20 floors and you cannot make a better estimate|If you can't tell where one floor starts and the next begins, try using a building with a known height near it as a guide|If the building has different heights, count to the highest floor of the building",,,,,,,https://contribua.org/bairros/oeste/catole/Rua_Honorio_de_Melo__240__90.jpg
9,Building Height,Estimate average building height on each side of the street,"Building height: height in feet, assuming 10 feet (3.04 meters) per floor, including the roof floor of buildings with slanted roofs and dormers and any visible sunken floors|Note the height of the buildings on each side, whether they are set back, and the percentage of the block that the buildings of the same height occupy to compute the average|Record “200 feet (60.96 meters)” if you know the building is over 20 floors and you cannot make a better estimate|If you can't tell where one floor starts and the next begins, try using a building with a known height near it as a guide|If the building has different heights, count to the highest floor of the building",,,,,,,https://contribua.org/bairros/oeste/catole/Rua_Otacilio_Nepomuceno__76_90.jpg
9,Building Height,Estimate average building height on each side of the street,"Building height: height in feet, assuming 10 feet (3.04 meters) per floor, including the roof floor of buildings with slanted roofs and dormers and any visible sunken floors|Note the height of the buildings on each side, whether they are set back, and the percentage of the block that the buildings of the same height occupy to compute the average|Record “200 feet (60.96 meters)” if you know the building is over 20 floors and you cannot make a better estimate|If you can't tell where one floor starts and the next begins, try using a building with a known height near it as a guide|If the building has different heights, count to the highest floor of the building",,,,,,,https://contribua.org/bairros/oeste/catole/Rua_Joao_Francisco_Mota__64__90.jpg
9,Building Height,Estimate average building height on each side of the street,"Building height: height in feet, assuming 10 feet (3.04 meters) per floor, including the roof floor of buildings with slanted roofs and dormers and any visible sunken floors|Note the height of the buildings on each side, whether they are set back, and the percentage of the block that the buildings of the same height occupy to compute the average|Record “200 feet (60.96 meters)” if you know the building is over 20 floors and you cannot make a better estimate|If you can't tell where one floor starts and the next begins, try using a building with a known height near it as a guide|If the building has different heights, count to the highest floor of the building",,,,,,,https://contribua.org/bairros/oeste/catole/Rua_Luisa_Bezerra_Mota__246_270.jpg
9,Building Height,Estimate average building height on each side of the street,"Building height: height in feet, assuming 10 feet (3.04 meters) per floor, including the roof floor of buildings with slanted roofs and dormers and any visible sunken floors|Note the height of the buildings on each side, whether they are set back, and the percentage of the block that the buildings of the same height occupy to compute the average|Record “200 feet (60.96 meters)” if you know the building is over 20 floors and you cannot make a better estimate|If you can't tell where one floor starts and the next begins, try using a building with a known height near it as a guide|If the building has different heights, count to the highest floor of the building",,,,,,,https://contribua.org/bairros/oeste/catole/Rua_Luisa_Bezerra_Mota__246_90.jpg
9,Building Height,Estimate average building height on each side of the street,"Building height: height in feet, assuming 10 feet (3.04 meters) per floor, including the roof floor of buildings with slanted roofs and dormers and any visible sunken floors|Note the height of the buildings on each side, whether they are set back, and the percentage of the block that the buildings of the same height occupy to compute the average|Record “200 feet (60.96 meters)” if you know the building is over 20 floors and you cannot make a better estimate|If you can't tell where one floor starts and the next begins, try using a building with a known height near it as a guide|If the building has different heights, count to the highest floor of the building",,,,,,,https://contribua.org/bairros/oeste/catole/Rua_Olegario_Mariano__139_270.jpg
9,Building Height,Estimate average building height on each side of the street,"Building height: height in feet, assuming 10 feet (3.04 meters) per floor, including the roof floor of buildings with slanted roofs and dormers and any visible sunken floors|Note the height of the buildings on each side, whether they are set back, and the percentage of the block that the buildings of the same height occupy to compute the average|Record “200 feet (60.96 meters)” if you know the building is over 20 floors and you cannot make a better estimate|If you can't tell where one floor starts and the next begins, try using a building with a known height near it as a guide|If the building has different heights, count to the highest floor of the building",,,,,,,https://contribua.org/bairros/oeste/liberdade/Rua_Edesio_Silva__602__0.jpg
9,Building Height,Estimate average building height on each side of the street,"Building height: height in feet, assuming 10 feet (3.04 meters) per floor, including the roof floor of buildings with slanted roofs and dormers and any visible sunken floors|Note the height of the buildings on each side, whether they are set back, and the percentage of the block that the buildings of the same height occupy to compute the average|Record “200 feet (60.96 meters)” if you know the building is over 20 floors and you cannot make a better estimate|If you can't tell where one floor starts and the next begins, try using a building with a known height near it as a guide|If the building has different heights, count to the highest floor of the building",,,,,,,https://contribua.org/bairros/norte/centro/Avenida_Barao_Rio_Branco__141_270.jpg
9,Building Height,Estimate average building height on each side of the street,"Building height: height in feet, assuming 10 feet (3.04 meters) per floor, including the roof floor of buildings with slanted roofs and dormers and any visible sunken floors|Note the height of the buildings on each side, whether they are set back, and the percentage of the block that the buildings of the same height occupy to compute the average|Record “200 feet (60.96 meters)” if you know the building is over 20 floors and you cannot make a better estimate|If you can't tell where one floor starts and the next begins, try using a building with a known height near it as a guide|If the building has different heights, count to the highest floor of the building",,,,,,,https://contribua.org/bairros/oeste/catole/Rua_Olegario_Mariano__139_90.jpg
9,Building Height,Estimate average building height on each side of the street,"Building height: height in feet, assuming 10 feet (3.04 meters) per floor, including the roof floor of buildings with slanted roofs and dormers and any visible sunken floors|Note the height of the buildings on each side, whether they are set back, and the percentage of the block that the buildings of the same height occupy to compute the average|Record “200 feet (60.96 meters)” if you know the building is over 20 floors and you cannot make a better estimate|If you can't tell where one floor starts and the next begins, try using a building with a known height near it as a guide|If the building has different heights, count to the highest floor of the building",,,,,,,https://contribua.org/bairros/oeste/catole/Rua_Joao_Francisco_Mota__64__270.jpg
9,Building Height,Estimate average building height on each side of the street,"Building height: height in feet, assuming 10 feet (3.04 meters) per floor, including the roof floor of buildings with slanted roofs and dormers and any visible sunken floors|Note the height of the buildings on each side, whether they are set back, and the percentage of the block that the buildings of the same height occupy to compute the average|Record “200 feet (60.96 meters)” if you know the building is over 20 floors and you cannot make a better estimate|If you can't tell where one floor starts and the next begins, try using a building with a known height near it as a guide|If the building has different heights, count to the highest floor of the building",,,,,,,https://contribua.org/bairros/oeste/catole/Rua_Doutor_Antonio_Telha_-_Catole__Campina_Grande__270.jpg
9,Building Height,Estimate average building height on each side of the street,"Building height: height in feet, assuming 10 feet (3.04 meters) per floor, including the roof floor of buildings with slanted roofs and dormers and any visible sunken floors|Note the height of the buildings on each side, whether they are set back, and the percentage of the block that the buildings of the same height occupy to compute the average|Record “200 feet (60.96 meters)” if you know the building is over 20 floors and you cannot make a better estimate|If you can't tell where one floor starts and the next begins, try using a building with a known height near it as a guide|If the building has different heights, count to the highest floor of the building",,,,,,,https://contribua.org/bairros/oeste/catole/Rua_Honorio_de_Melo__240__270.jpg
9,Building Height,Estimate average building height on each side of the street,"Building height: height in feet, assuming 10 feet (3.04 meters) per floor, including the roof floor of buildings with slanted roofs and dormers and any visible sunken floors|Note the height of the buildings on each side, whether they are set back, and the percentage of the block that the buildings of the same height occupy to compute the average|Record “200 feet (60.96 meters)” if you know the building is over 20 floors and you cannot make a better estimate|If you can't tell where one floor starts and the next begins, try using a building with a known height near it as a guide|If the building has different heights, count to the highest floor of the building",,,,,,,https://contribua.org/bairros/norte/centro/Rua_Quebra_Quilos__399__270.jpg
9,Building Height,Estimate average building height on each side of the street,"Building height: height in feet, assuming 10 feet (3.04 meters) per floor, including the roof floor of buildings with slanted roofs and dormers and any visible sunken floors|Note the height of the buildings on each side, whether they are set back, and the percentage of the block that the buildings of the same height occupy to compute the average|Record “200 feet (60.96 meters)” if you know the building is over 20 floors and you cannot make a better estimate|If you can't tell where one floor starts and the next begins, try using a building with a known height near it as a guide|If the building has different heights, count to the highest floor of the building",,,,,,,https://contribua.org/bairros/oeste/liberdade/Rua_Severino_Pimentel__321__180.jpg
9,Building Height,Estimate average building height on each side of the street,"Building height: height in feet, assuming 10 feet (3.04 meters) per floor, including the roof floor of buildings with slanted roofs and dormers and any visible sunken floors|Note the height of the buildings on each side, whether they are set back, and the percentage of the block that the buildings of the same height occupy to compute the average|Record “200 feet (60.96 meters)” if you know the building is over 20 floors and you cannot make a better estimate|If you can't tell where one floor starts and the next begins, try using a building with a known height near it as a guide|If the building has different heights, count to the highest floor of the building",,,,,,,https://contribua.org/bairros/oeste/liberdade/Rua_Severino_Pimentel__439__0.jpg
9,Building Height,Estimate average building height on each side of the street,"Building height: height in feet, assuming 10 feet (3.04 meters) per floor, including the roof floor of buildings with slanted roofs and dormers and any visible sunken floors|Note the height of the buildings on each side, whether they are set back, and the percentage of the block that the buildings of the same height occupy to compute the average|Record “200 feet (60.96 meters)” if you know the building is over 20 floors and you cannot make a better estimate|If you can't tell where one floor starts and the next begins, try using a building with a known height near it as a guide|If the building has different heights, count to the highest floor of the building",,,,,,,https://contribua.org/bairros/norte/centro/Avenida_Dom_Pedro_II__500_90.jpg
9,Building Height,Estimate average building height on each side of the street,"Building height: height in feet, assuming 10 feet (3.04 meters) per floor, including the roof floor of buildings with slanted roofs and dormers and any visible sunken floors|Note the height of the buildings on each side, whether they are set back, and the percentage of the block that the buildings of the same height occupy to compute the average|Record “200 feet (60.96 meters)” if you know the building is over 20 floors and you cannot make a better estimate|If you can't tell where one floor starts and the next begins, try using a building with a known height near it as a guide|If the building has different heights, count to the highest floor of the building",,,,,,,https://contribua.org/bairros/norte/centro/Rua_Elias_Aforas__67__180.jpg
9,Building Height,Estimate average building height on each side of the street,"Building height: height in feet, assuming 10 feet (3.04 meters) per floor, including the roof floor of buildings with slanted roofs and dormers and any visible sunken floors|Note the height of the buildings on each side, whether they are set back, and the percentage of the block that the buildings of the same height occupy to compute the average|Record “200 feet (60.96 meters)” if you know the building is over 20 floors and you cannot make a better estimate|If you can't tell where one floor starts and the next begins, try using a building with a known height near it as a guide|If the building has different heights, count to the highest floor of the building",,,,,,,https://contribua.org/bairros/oeste/liberdade/Rua_Riachuelo__930__0.jpg
9,Building Height,Estimate average building height on each side of the street,"Building height: height in feet, assuming 10 feet (3.04 meters) per floor, including the roof floor of buildings with slanted roofs and dormers and any visible sunken floors|Note the height of the buildings on each side, whether they are set back, and the percentage of the block that the buildings of the same height occupy to compute the average|Record “200 feet (60.96 meters)” if you know the building is over 20 floors and you cannot make a better estimate|If you can't tell where one floor starts and the next begins, try using a building with a known height near it as a guide|If the building has different heights, count to the highest floor of the building",,,,,,,https://contribua.org/bairros/oeste/liberdade/Rua_Riachuelo__847__0.jpg
9,Building Height,Estimate average building height on each side of the street,"Building height: height in feet, assuming 10 feet (3.04 meters) per floor, including the roof floor of buildings with slanted roofs and dormers and any visible sunken floors|Note the height of the buildings on each side, whether they are set back, and the percentage of the block that the buildings of the same height occupy to compute the average|Record “200 feet (60.96 meters)” if you know the building is over 20 floors and you cannot make a better estimate|If you can't tell where one floor starts and the next begins, try using a building with a known height near it as a guide|If the building has different heights, count to the highest floor of the building",,,,,,,https://contribua.org/bairros/oeste/catole/Rua_Cristina_Procopio_da_Silva__62__90.jpg
9,Building Height,Estimate average building height on each side of the street,"Building height: height in feet, assuming 10 feet (3.04 meters) per floor, including the roof floor of buildings with slanted roofs and dormers and any visible sunken floors|Note the height of the buildings on each side, whether they are set back, and the percentage of the block that the buildings of the same height occupy to compute the average|Record “200 feet (60.96 meters)” if you know the building is over 20 floors and you cannot make a better estimate|If you can't tell where one floor starts and the next begins, try using a building with a known height near it as a guide|If the building has different heights, count to the highest floor of the building",,,,,,,https://contribua.org/bairros/norte/centro/Avenida_Presidente_Joao_Pessoa__128__90.jpg
9,Building Height,Estimate average building height on each side of the street,"Building height: height in feet, assuming 10 feet (3.04 meters) per floor, including the roof floor of buildings with slanted roofs and dormers and any visible sunken floors|Note the height of the buildings on each side, whether they are set back, and the percentage of the block that the buildings of the same height occupy to compute the average|Record “200 feet (60.96 meters)” if you know the building is over 20 floors and you cannot make a better estimate|If you can't tell where one floor starts and the next begins, try using a building with a known height near it as a guide|If the building has different heights, count to the highest floor of the building",,,,,,,https://contribua.org/bairros/oeste/catole/Avenida_Prefeito_Severino_Bezerra_Cabral__218_0.jpg
9,Building Height,Estimate average building height on each side of the street,"Building height: height in feet, assuming 10 feet (3.04 meters) per floor, including the roof floor of buildings with slanted roofs and dormers and any visible sunken floors|Note the height of the buildings on each side, whether they are set back, and the percentage of the block that the buildings of the same height occupy to compute the average|Record “200 feet (60.96 meters)” if you know the building is over 20 floors and you cannot make a better estimate|If you can't tell where one floor starts and the next begins, try using a building with a known height near it as a guide|If the building has different heights, count to the highest floor of the building",,,,,,,https://contribua.org/bairros/norte/centro/Rua_Coronel_Salvino_Figueiredo__251_270.jpg
9,Building Height,Estimate average building height on each side of the street,"Building height: height in feet, assuming 10 feet (3.04 meters) per floor, including the roof floor of buildings with slanted roofs and dormers and any visible sunken floors|Note the height of the buildings on each side, whether they are set back, and the percentage of the block that the buildings of the same height occupy to compute the average|Record “200 feet (60.96 meters)” if you know the building is over 20 floors and you cannot make a better estimate|If you can't tell where one floor starts and the next begins, try using a building with a known height near it as a guide|If the building has different heights, count to the highest floor of the building",,,,,,,https://contribua.org/bairros/norte/centro/Avenida_Presidente_Joao_Pessoa__128__180.jpg
9,Building Height,Estimate average building height on each side of the street,"Building height: height in feet, assuming 10 feet (3.04 meters) per floor, including the roof floor of buildings with slanted roofs and dormers and any visible sunken floors|Note the height of the buildings on each side, whether they are set back, and the percentage of the block that the buildings of the same height occupy to compute the average|Record “200 feet (60.96 meters)” if you know the building is over 20 floors and you cannot make a better estimate|If you can't tell where one floor starts and the next begins, try using a building with a known height near it as a guide|If the building has different heights, count to the highest floor of the building",,,,,,,https://contribua.org/bairros/oeste/liberdade/Rua_Riachuelo__455__180.jpg
9,Building Height,Estimate average building height on each side of the street,"Building height: height in feet, assuming 10 feet (3.04 meters) per floor, including the roof floor of buildings with slanted roofs and dormers and any visible sunken floors|Note the height of the buildings on each side, whether they are set back, and the percentage of the block that the buildings of the same height occupy to compute the average|Record “200 feet (60.96 meters)” if you know the building is over 20 floors and you cannot make a better estimate|If you can't tell where one floor starts and the next begins, try using a building with a known height near it as a guide|If the building has different heights, count to the highest floor of the building",,,,,,,https://contribua.org/bairros/norte/centro/Avenida_Dom_Pedro_II__500_270.jpg
9,Building Height,Estimate average building height on each side of the street,"Building height: height in feet, assuming 10 feet (3.04 meters) per floor, including the roof floor of buildings with slanted roofs and dormers and any visible sunken floors|Note the height of the buildings on each side, whether they are set back, and the percentage of the block that the buildings of the same height occupy to compute the average|Record “200 feet (60.96 meters)” if you know the building is over 20 floors and you cannot make a better estimate|If you can't tell where one floor starts and the next begins, try using a building with a known height near it as a guide|If the building has different heights, count to the highest floor of the building",,,,,,,https://contribua.org/bairros/norte/centro/Avenida_Barao_Rio_Branco__141_90.jpg
9,Building Height,Estimate average building height on each side of the street,"Building height: height in feet, assuming 10 feet (3.04 meters) per floor, including the roof floor of buildings with slanted roofs and dormers and any visible sunken floors|Note the height of the buildings on each side, whether they are set back, and the percentage of the block that the buildings of the same height occupy to compute the average|Record “200 feet (60.96 meters)” if you know the building is over 20 floors and you cannot make a better estimate|If you can't tell where one floor starts and the next begins, try using a building with a known height near it as a guide|If the building has different heights, count to the highest floor of the building",,,,,,,https://contribua.org/bairros/oeste/catole/Rua_Otacilio_Nepomuceno__76_0.jpg
9,Building Height,Estimate average building height on each side of the street,"Building height: height in feet, assuming 10 feet (3.04 meters) per floor, including the roof floor of buildings with slanted roofs and dormers and any visible sunken floors|Note the height of the buildings on each side, whether they are set back, and the percentage of the block that the buildings of the same height occupy to compute the average|Record “200 feet (60.96 meters)” if you know the building is over 20 floors and you cannot make a better estimate|If you can't tell where one floor starts and the next begins, try using a building with a known height near it as a guide|If the building has different heights, count to the highest floor of the building",,,,,,,https://contribua.org/bairros/oeste/catole/Rua_Doutor_Antonio_Telha__235_180.jpg
9,Building Height,Estimate average building height on each side of the street,"Building height: height in feet, assuming 10 feet (3.04 meters) per floor, including the roof floor of buildings with slanted roofs and dormers and any visible sunken floors|Note the height of the buildings on each side, whether they are set back, and the percentage of the block that the buildings of the same height occupy to compute the average|Record “200 feet (60.96 meters)” if you know the building is over 20 floors and you cannot make a better estimate|If you can't tell where one floor starts and the next begins, try using a building with a known height near it as a guide|If the building has different heights, count to the highest floor of the building",,,,,,,https://contribua.org/bairros/oeste/catole/Rua_Doutor_Antonio_Telha_-_Catole__Campina_Grande__90.jpg
9,Building Height,Estimate average building height on each side of the street,"Building height: height in feet, assuming 10 feet (3.04 meters) per floor, including the roof floor of buildings with slanted roofs and dormers and any visible sunken floors|Note the height of the buildings on each side, whether they are set back, and the percentage of the block that the buildings of the same height occupy to compute the average|Record “200 feet (60.96 meters)” if you know the building is over 20 floors and you cannot make a better estimate|If you can't tell where one floor starts and the next begins, try using a building with a known height near it as a guide|If the building has different heights, count to the highest floor of the building",,,,,,,https://contribua.org/bairros/oeste/liberdade/Rua_Padre_Pedro_Serrao__336__270.jpg
9,Building Height,Estimate average building height on each side of the street,"Building height: height in feet, assuming 10 feet (3.04 meters) per floor, including the roof floor of buildings with slanted roofs and dormers and any visible sunken floors|Note the height of the buildings on each side, whether they are set back, and the percentage of the block that the buildings of the same height occupy to compute the average|Record “200 feet (60.96 meters)” if you know the building is over 20 floors and you cannot make a better estimate|If you can't tell where one floor starts and the next begins, try using a building with a known height near it as a guide|If the building has different heights, count to the highest floor of the building",,,,,,,https://contribua.org/bairros/oeste/liberdade/Rua_Acre__635_90.jpg
9,Building Height,Estimate average building height on each side of the street,"Building height: height in feet, assuming 10 feet (3.04 meters) per floor, including the roof floor of buildings with slanted roofs and dormers and any visible sunken floors|Note the height of the buildings on each side, whether they are set back, and the percentage of the block that the buildings of the same height occupy to compute the average|Record “200 feet (60.96 meters)” if you know the building is over 20 floors and you cannot make a better estimate|If you can't tell where one floor starts and the next begins, try using a building with a known height near it as a guide|If the building has different heights, count to the highest floor of the building",,,,,,,https://contribua.org/bairros/oeste/liberdade/Rua_Acre__635_270.jpg
9,Building Height,Estimate average building height on each side of the street,"Building height: height in feet, assuming 10 feet (3.04 meters) per floor, including the roof floor of buildings with slanted roofs and dormers and any visible sunken floors|Note the height of the buildings on each side, whether they are set back, and the percentage of the block that the buildings of the same height occupy to compute the average|Record “200 feet (60.96 meters)” if you know the building is over 20 floors and you cannot make a better estimate|If you can't tell where one floor starts and the next begins, try using a building with a known height near it as a guide|If the building has different heights, count to the highest floor of the building",,,,,,,https://contribua.org/bairros/oeste/liberdade/Rua_Padre_Pedro_Serrao__207__90.jpg
9,Building Height,Estimate average building height on each side of the street,"Building height: height in feet, assuming 10 feet (3.04 meters) per floor, including the roof floor of buildings with slanted roofs and dormers and any visible sunken floors|Note the height of the buildings on each side, whether they are set back, and the percentage of the block that the buildings of the same height occupy to compute the average|Record “200 feet (60.96 meters)” if you know the building is over 20 floors and you cannot make a better estimate|If you can't tell where one floor starts and the next begins, try using a building with a known height near it as a guide|If the building has different heights, count to the highest floor of the building",,,,,,,https://contribua.org/bairros/oeste/catole/Avenida_Prefeito_Severino_Bezerra_Cabral__218_90.jpg
9,Building Height,Estimate average building height on each side of the street,"Building height: height in feet, assuming 10 feet (3.04 meters) per floor, including the roof floor of buildings with slanted roofs and dormers and any visible sunken floors|Note the height of the buildings on each side, whether they are set back, and the percentage of the block that the buildings of the same height occupy to compute the average|Record “200 feet (60.96 meters)” if you know the building is over 20 floors and you cannot make a better estimate|If you can't tell where one floor starts and the next begins, try using a building with a known height near it as a guide|If the building has different heights, count to the highest floor of the building",,,,,,,https://contribua.org/bairros/oeste/liberdade/Rua_Riachuelo__847__180.jpg
9,Building Height,Estimate average building height on each side of the street,"Building height: height in feet, assuming 10 feet (3.04 meters) per floor, including the roof floor of buildings with slanted roofs and dormers and any visible sunken floors|Note the height of the buildings on each side, whether they are set back, and the percentage of the block that the buildings of the same height occupy to compute the average|Record “200 feet (60.96 meters)” if you know the building is over 20 floors and you cannot make a better estimate|If you can't tell where one floor starts and the next begins, try using a building with a known height near it as a guide|If the building has different heights, count to the highest floor of the building",,,,,,,https://contribua.org/bairros/oeste/catole/Rua_Deputado_Ascendino_Moura__101__270.jpg
9,Building Height,Estimate average building height on each side of the street,"Building height: height in feet, assuming 10 feet (3.04 meters) per floor, including the roof floor of buildings with slanted roofs and dormers and any visible sunken floors|Note the height of the buildings on each side, whether they are set back, and the percentage of the block that the buildings of the same height occupy to compute the average|Record “200 feet (60.96 meters)” if you know the building is over 20 floors and you cannot make a better estimate|If you can't tell where one floor starts and the next begins, try using a building with a known height near it as a guide|If the building has different heights, count to the highest floor of the building",,,,,,,https://contribua.org/bairros/oeste/liberdade/Rua_Severino_Pimentel__439__180.jpg
9,Building Height,Estimate average building height on each side of the street,"Building height: height in feet, assuming 10 feet (3.04 meters) per floor, including the roof floor of buildings with slanted roofs and dormers and any visible sunken floors|Note the height of the buildings on each side, whether they are set back, and the percentage of the block that the buildings of the same height occupy to compute the average|Record “200 feet (60.96 meters)” if you know the building is over 20 floors and you cannot make a better estimate|If you can't tell where one floor starts and the next begins, try using a building with a known height near it as a guide|If the building has different heights, count to the highest floor of the building",,,,,,,https://contribua.org/bairros/oeste/catole/Rua_Deputado_Ascendino_Moura__101__90.jpg
9,Building Height,Estimate average building height on each side of the street,"Building height: height in feet, assuming 10 feet (3.04 meters) per floor, including the roof floor of buildings with slanted roofs and dormers and any visible sunken floors|Note the height of the buildings on each side, whether they are set back, and the percentage of the block that the buildings of the same height occupy to compute the average|Record “200 feet (60.96 meters)” if you know the building is over 20 floors and you cannot make a better estimate|If you can't tell where one floor starts and the next begins, try using a building with a known height near it as a guide|If the building has different heights, count to the highest floor of the building",,,,,,,https://contribua.org/bairros/norte/centro/Rua_Quebra_Quilos__399__90.jpg
9,Building Height,Estimate average building height on each side of the street,"Building height: height in feet, assuming 10 feet (3.04 meters) per floor, including the roof floor of buildings with slanted roofs and dormers and any visible sunken floors|Note the height of the buildings on each side, whether they are set back, and the percentage of the block that the buildings of the same height occupy to compute the average|Record “200 feet (60.96 meters)” if you know the building is over 20 floors and you cannot make a better estimate|If you can't tell where one floor starts and the next begins, try using a building with a known height near it as a guide|If the building has different heights, count to the highest floor of the building",,,,,,,https://contribua.org/bairros/norte/centro/Rua_Elias_Aforas__67__0.jpg
9,Building Height,Estimate average building height on each side of the street,"Building height: height in feet, assuming 10 feet (3.04 meters) per floor, including the roof floor of buildings with slanted roofs and dormers and any visible sunken floors|Note the height of the buildings on each side, whether they are set back, and the percentage of the block that the buildings of the same height occupy to compute the average|Record “200 feet (60.96 meters)” if you know the building is over 20 floors and you cannot make a better estimate|If you can't tell where one floor starts and the next begins, try using a building with a known height near it as a guide|If the building has different heights, count to the highest floor of the building",,,,,,,https://contribua.org/bairros/oeste/catole/Rua_Vigario_Calixto__1201_180.jpg
9,Building Height,Estimate average building height on each side of the street,"Building height: height in feet, assuming 10 feet (3.04 meters) per floor, including the roof floor of buildings with slanted roofs and dormers and any visible sunken floors|Note the height of the buildings on each side, whether they are set back, and the percentage of the block that the buildings of the same height occupy to compute the average|Record “200 feet (60.96 meters)” if you know the building is over 20 floors and you cannot make a better estimate|If you can't tell where one floor starts and the next begins, try using a building with a known height near it as a guide|If the building has different heights, count to the highest floor of the building",,,,,,,https://contribua.org/bairros/oeste/liberdade/Rua_Padre_Pedro_Serrao__353__270.jpg
9,Building Height,Estimate average building height on each side of the street,"Building height: height in feet, assuming 10 feet (3.04 meters) per floor, including the roof floor of buildings with slanted roofs and dormers and any visible sunken floors|Note the height of the buildings on each side, whether they are set back, and the percentage of the block that the buildings of the same height occupy to compute the average|Record “200 feet (60.96 meters)” if you know the building is over 20 floors and you cannot make a better estimate|If you can't tell where one floor starts and the next begins, try using a building with a known height near it as a guide|If the building has different heights, count to the highest floor of the building",,,,,,,https://contribua.org/bairros/oeste/catole/Rua_Olegario_Mariano__139_0.jpg
9,Building Height,Estimate average building height on each side of the street,"Building height: height in feet, assuming 10 feet (3.04 meters) per floor, including the roof floor of buildings with slanted roofs and dormers and any visible sunken floors|Note the height of the buildings on each side, whether they are set back, and the percentage of the block that the buildings of the same height occupy to compute the average|Record “200 feet (60.96 meters)” if you know the building is over 20 floors and you cannot make a better estimate|If you can't tell where one floor starts and the next begins, try using a building with a known height near it as a guide|If the building has different heights, count to the highest floor of the building",,,,,,,https://contribua.org/bairros/oeste/liberdade/Rua_Espirito_Santo__1288__180.jpg
9,Building Height,Estimate average building height on each side of the street,"Building height: height in feet, assuming 10 feet (3.04 meters) per floor, including the roof floor of buildings with slanted roofs and dormers and any visible sunken floors|Note the height of the buildings on each side, whether they are set back, and the percentage of the block that the buildings of the same height occupy to compute the average|Record “200 feet (60.96 meters)” if you know the building is over 20 floors and you cannot make a better estimate|If you can't tell where one floor starts and the next begins, try using a building with a known height near it as a guide|If the building has different heights, count to the highest floor of the building",,,,,,,https://contribua.org/bairros/oeste/liberdade/Rua_Odon_Bezerra__147_90.jpg
9,Building Height,Estimate average building height on each side of the street,"Building height: height in feet, assuming 10 feet (3.04 meters) per floor, including the roof floor of buildings with slanted roofs and dormers and any visible sunken floors|Note the height of the buildings on each side, whether they are set back, and the percentage of the block that the buildings of the same height occupy to compute the average|Record “200 feet (60.96 meters)” if you know the building is over 20 floors and you cannot make a better estimate|If you can't tell where one floor starts and the next begins, try using a building with a known height near it as a guide|If the building has different heights, count to the highest floor of the building",,,,,,,https://contribua.org/bairros/oeste/liberdade/Rua_Espirito_Santo__1288__0.jpg
9,Building Height,Estimate average building height on each side of the street,"Building height: height in feet, assuming 10 feet (3.04 meters) per floor, including the roof floor of buildings with slanted roofs and dormers and any visible sunken floors|Note the height of the buildings on each side, whether they are set back, and the percentage of the block that the buildings of the same height occupy to compute the average|Record “200 feet (60.96 meters)” if you know the building is over 20 floors and you cannot make a better estimate|If you can't tell where one floor starts and the next begins, try using a building with a known height near it as a guide|If the building has different heights, count to the highest floor of the building",,,,,,,https://contribua.org/bairros/oeste/catole/Rua_Olegario_Mariano__139_180.jpg
9,Building Height,Estimate average building height on each side of the street,"Building height: height in feet, assuming 10 feet (3.04 meters) per floor, including the roof floor of buildings with slanted roofs and dormers and any visible sunken floors|Note the height of the buildings on each side, whether they are set back, and the percentage of the block that the buildings of the same height occupy to compute the average|Record “200 feet (60.96 meters)” if you know the building is over 20 floors and you cannot make a better estimate|If you can't tell where one floor starts and the next begins, try using a building with a known height near it as a guide|If the building has different heights, count to the highest floor of the building",,,,,,,https://contribua.org/bairros/oeste/liberdade/Rua_Odon_Bezerra__306_90.jpg
9,Building Height,Estimate average building height on each side of the street,"Building height: height in feet, assuming 10 feet (3.04 meters) per floor, including the roof floor of buildings with slanted roofs and dormers and any visible sunken floors|Note the height of the buildings on each side, whether they are set back, and the percentage of the block that the buildings of the same height occupy to compute the average|Record “200 feet (60.96 meters)” if you know the building is over 20 floors and you cannot make a better estimate|If you can't tell where one floor starts and the next begins, try using a building with a known height near it as a guide|If the building has different heights, count to the highest floor of the building",,,,,,,https://contribua.org/bairros/oeste/liberdade/Rua_Padre_Pedro_Serrao__353__90.jpg
9,Building Height,Estimate average building height on each side of the street,"Building height: height in feet, assuming 10 feet (3.04 meters) per floor, including the roof floor of buildings with slanted roofs and dormers and any visible sunken floors|Note the height of the buildings on each side, whether they are set back, and the percentage of the block that the buildings of the same height occupy to compute the average|Record “200 feet (60.96 meters)” if you know the building is over 20 floors and you cannot make a better estimate|If you can't tell where one floor starts and the next begins, try using a building with a known height near it as a guide|If the building has different heights, count to the highest floor of the building",,,,,,,https://contribua.org/bairros/oeste/liberdade/Rua_Severino_Pimentel__511_90.jpg
9,Building Height,Estimate average building height on each side of the street,"Building height: height in feet, assuming 10 feet (3.04 meters) per floor, including the roof floor of buildings with slanted roofs and dormers and any visible sunken floors|Note the height of the buildings on each side, whether they are set back, and the percentage of the block that the buildings of the same height occupy to compute the average|Record “200 feet (60.96 meters)” if you know the building is over 20 floors and you cannot make a better estimate|If you can't tell where one floor starts and the next begins, try using a building with a known height near it as a guide|If the building has different heights, count to the highest floor of the building",,,,,,,https://contribua.org/bairros/norte/centro/Rua_Doutor_Severino_Cruz__411__270.jpg
9,Building Height,Estimate average building height on each side of the street,"Building height: height in feet, assuming 10 feet (3.04 meters) per floor, including the roof floor of buildings with slanted roofs and dormers and any visible sunken floors|Note the height of the buildings on each side, whether they are set back, and the percentage of the block that the buildings of the same height occupy to compute the average|Record “200 feet (60.96 meters)” if you know the building is over 20 floors and you cannot make a better estimate|If you can't tell where one floor starts and the next begins, try using a building with a known height near it as a guide|If the building has different heights, count to the highest floor of the building",,,,,,,https://contribua.org/bairros/oeste/catole/Rua_Doutor_Antonio_Telha__235_0.jpg
9,Building Height,Estimate average building height on each side of the street,"Building height: height in feet, assuming 10 feet (3.04 meters) per floor, including the roof floor of buildings with slanted roofs and dormers and any visible sunken floors|Note the height of the buildings on each side, whether they are set back, and the percentage of the block that the buildings of the same height occupy to compute the average|Record “200 feet (60.96 meters)” if you know the building is over 20 floors and you cannot make a better estimate|If you can't tell where one floor starts and the next begins, try using a building with a known height near it as a guide|If the building has different heights, count to the highest floor of the building",,,,,,,https://contribua.org/bairros/norte/centro/Avenida_Presidente_Getulio_Vargas__395__90.jpg
9,Building Height,Estimate average building height on each side of the street,"Building height: height in feet, assuming 10 feet (3.04 meters) per floor, including the roof floor of buildings with slanted roofs and dormers and any visible sunken floors|Note the height of the buildings on each side, whether they are set back, and the percentage of the block that the buildings of the same height occupy to compute the average|Record “200 feet (60.96 meters)” if you know the building is over 20 floors and you cannot make a better estimate|If you can't tell where one floor starts and the next begins, try using a building with a known height near it as a guide|If the building has different heights, count to the highest floor of the building",,,,,,,https://contribua.org/bairros/oeste/liberdade/Rua_Severino_Pimentel__321__0.jpg
9,Building Height,Estimate average building height on each side of the street,"Building height: height in feet, assuming 10 feet (3.04 meters) per floor, including the roof floor of buildings with slanted roofs and dormers and any visible sunken floors|Note the height of the buildings on each side, whether they are set back, and the percentage of the block that the buildings of the same height occupy to compute the average|Record “200 feet (60.96 meters)” if you know the building is over 20 floors and you cannot make a better estimate|If you can't tell where one floor starts and the next begins, try using a building with a known height near it as a guide|If the building has different heights, count to the highest floor of the building",,,,,,,https://contribua.org/bairros/oeste/liberdade/Rua_Odon_Bezerra__306_270.jpg
9,Building Height,Estimate average building height on each side of the street,"Building height: height in feet, assuming 10 feet (3.04 meters) per floor, including the roof floor of buildings with slanted roofs and dormers and any visible sunken floors|Note the height of the buildings on each side, whether they are set back, and the percentage of the block that the buildings of the same height occupy to compute the average|Record “200 feet (60.96 meters)” if you know the building is over 20 floors and you cannot make a better estimate|If you can't tell where one floor starts and the next begins, try using a building with a known height near it as a guide|If the building has different heights, count to the highest floor of the building",,,,,,,https://contribua.org/bairros/oeste/catole/Rua_Aluisio_Cunha_Linha__50__90.jpg
9,Building Height,Estimate average building height on each side of the street,"Building height: height in feet, assuming 10 feet (3.04 meters) per floor, including the roof floor of buildings with slanted roofs and dormers and any visible sunken floors|Note the height of the buildings on each side, whether they are set back, and the percentage of the block that the buildings of the same height occupy to compute the average|Record “200 feet (60.96 meters)” if you know the building is over 20 floors and you cannot make a better estimate|If you can't tell where one floor starts and the next begins, try using a building with a known height near it as a guide|If the building has different heights, count to the highest floor of the building",,,,,,,https://contribua.org/bairros/oeste/catole/Rua_Doutor_Antonio_Telha__68__90.jpg
9,Building Height,Estimate average building height on each side of the street,"Building height: height in feet, assuming 10 feet (3.04 meters) per floor, including the roof floor of buildings with slanted roofs and dormers and any visible sunken floors|Note the height of the buildings on each side, whether they are set back, and the percentage of the block that the buildings of the same height occupy to compute the average|Record “200 feet (60.96 meters)” if you know the building is over 20 floors and you cannot make a better estimate|If you can't tell where one floor starts and the next begins, try using a building with a known height near it as a guide|If the building has different heights, count to the highest floor of the building",,,,,,,https://contribua.org/bairros/oeste/catole/Rua_Vigario_Calixto__1201_0.jpg
9,Building Height,Estimate average building height on each side of the street,"Building height: height in feet, assuming 10 feet (3.04 meters) per floor, including the roof floor of buildings with slanted roofs and dormers and any visible sunken floors|Note the height of the buildings on each side, whether they are set back, and the percentage of the block that the buildings of the same height occupy to compute the average|Record “200 feet (60.96 meters)” if you know the building is over 20 floors and you cannot make a better estimate|If you can't tell where one floor starts and the next begins, try using a building with a known height near it as a guide|If the building has different heights, count to the highest floor of the building",,,,,,,https://contribua.org/bairros/oeste/liberdade/Rua_Odon_Bezerra__147_270.jpg
9,Building Height,Estimate average building height on each side of the street,"Building height: height in feet, assuming 10 feet (3.04 meters) per floor, including the roof floor of buildings with slanted roofs and dormers and any visible sunken floors|Note the height of the buildings on each side, whether they are set back, and the percentage of the block that the buildings of the same height occupy to compute the average|Record “200 feet (60.96 meters)” if you know the building is over 20 floors and you cannot make a better estimate|If you can't tell where one floor starts and the next begins, try using a building with a known height near it as a guide|If the building has different heights, count to the highest floor of the building",,,,,,,https://contribua.org/bairros/oeste/liberdade/Rua_Odon_Bezerra__388__270.jpg
9,Building Height,Estimate average building height on each side of the street,"Building height: height in feet, assuming 10 feet (3.04 meters) per floor, including the roof floor of buildings with slanted roofs and dormers and any visible sunken floors|Note the height of the buildings on each side, whether they are set back, and the percentage of the block that the buildings of the same height occupy to compute the average|Record “200 feet (60.96 meters)” if you know the building is over 20 floors and you cannot make a better estimate|If you can't tell where one floor starts and the next begins, try using a building with a known height near it as a guide|If the building has different heights, count to the highest floor of the building",,,,,,,https://contribua.org/bairros/oeste/liberdade/Rua_Severino_Pimentel__511_270.jpg
9,Building Height,Estimate average building height on each side of the street,"Building height: height in feet, assuming 10 feet (3.04 meters) per floor, including the roof floor of buildings with slanted roofs and dormers and any visible sunken floors|Note the height of the buildings on each side, whether they are set back, and the percentage of the block that the buildings of the same height occupy to compute the average|Record “200 feet (60.96 meters)” if you know the building is over 20 floors and you cannot make a better estimate|If you can't tell where one floor starts and the next begins, try using a building with a known height near it as a guide|If the building has different heights, count to the highest floor of the building",,,,,,,https://contribua.org/bairros/norte/centro/Rua_Elias_Aforas__202_180.jpg
9,Building Height,Estimate average building height on each side of the street,"Building height: height in feet, assuming 10 feet (3.04 meters) per floor, including the roof floor of buildings with slanted roofs and dormers and any visible sunken floors|Note the height of the buildings on each side, whether they are set back, and the percentage of the block that the buildings of the same height occupy to compute the average|Record “200 feet (60.96 meters)” if you know the building is over 20 floors and you cannot make a better estimate|If you can't tell where one floor starts and the next begins, try using a building with a known height near it as a guide|If the building has different heights, count to the highest floor of the building",,,,,,,https://contribua.org/bairros/oeste/catole/Rua_Sebastiao_Vieira_da_Silva__1273__0.jpg
9,Building Height,Estimate average building height on each side of the street,"Building height: height in feet, assuming 10 feet (3.04 meters) per floor, including the roof floor of buildings with slanted roofs and dormers and any visible sunken floors|Note the height of the buildings on each side, whether they are set back, and the percentage of the block that the buildings of the same height occupy to compute the average|Record “200 feet (60.96 meters)” if you know the building is over 20 floors and you cannot make a better estimate|If you can't tell where one floor starts and the next begins, try using a building with a known height near it as a guide|If the building has different heights, count to the highest floor of the building",,,,,,,https://contribua.org/bairros/oeste/catole/Rua_Inacio_Marques_da_Silva__434_90.jpg
9,Building Height,Estimate average building height on each side of the street,"Building height: height in feet, assuming 10 feet (3.04 meters) per floor, including the roof floor of buildings with slanted roofs and dormers and any visible sunken floors|Note the height of the buildings on each side, whether they are set back, and the percentage of the block that the buildings of the same height occupy to compute the average|Record “200 feet (60.96 meters)” if you know the building is over 20 floors and you cannot make a better estimate|If you can't tell where one floor starts and the next begins, try using a building with a known height near it as a guide|If the building has different heights, count to the highest floor of the building",,,,,,,https://contribua.org/bairros/oeste/liberdade/Rua_Santa_Catarina__1231__0.jpg
9,Building Height,Estimate average building height on each side of the street,"Building height: height in feet, assuming 10 feet (3.04 meters) per floor, including the roof floor of buildings with slanted roofs and dormers and any visible sunken floors|Note the height of the buildings on each side, whether they are set back, and the percentage of the block that the buildings of the same height occupy to compute the average|Record “200 feet (60.96 meters)” if you know the building is over 20 floors and you cannot make a better estimate|If you can't tell where one floor starts and the next begins, try using a building with a known height near it as a guide|If the building has different heights, count to the highest floor of the building",,,,,,,https://contribua.org/bairros/norte/centro/Rua_Felix_Araujo__48__270.jpg
9,Building Height,Estimate average building height on each side of the street,"Building height: height in feet, assuming 10 feet (3.04 meters) per floor, including the roof floor of buildings with slanted roofs and dormers and any visible sunken floors|Note the height of the buildings on each side, whether they are set back, and the percentage of the block that the buildings of the same height occupy to compute the average|Record “200 feet (60.96 meters)” if you know the building is over 20 floors and you cannot make a better estimate|If you can't tell where one floor starts and the next begins, try using a building with a known height near it as a guide|If the building has different heights, count to the highest floor of the building",,,,,,,https://contribua.org/bairros/oeste/liberdade/Rua_Odon_Bezerra__388__90.jpg
9,Building Height,Estimate average building height on each side of the street,"Building height: height in feet, assuming 10 feet (3.04 meters) per floor, including the roof floor of buildings with slanted roofs and dormers and any visible sunken floors|Note the height of the buildings on each side, whether they are set back, and the percentage of the block that the buildings of the same height occupy to compute the average|Record “200 feet (60.96 meters)” if you know the building is over 20 floors and you cannot make a better estimate|If you can't tell where one floor starts and the next begins, try using a building with a known height near it as a guide|If the building has different heights, count to the highest floor of the building",,,,,,,https://contribua.org/bairros/oeste/liberdade/Avenida_Assis_Chateaubriand__1334__180.jpg
9,Building Height,Estimate average building height on each side of the street,"Building height: height in feet, assuming 10 feet (3.04 meters) per floor, including the roof floor of buildings with slanted roofs and dormers and any visible sunken floors|Note the height of the buildings on each side, whether they are set back, and the percentage of the block that the buildings of the same height occupy to compute the average|Record “200 feet (60.96 meters)” if you know the building is over 20 floors and you cannot make a better estimate|If you can't tell where one floor starts and the next begins, try using a building with a known height near it as a guide|If the building has different heights, count to the highest floor of the building",,,,,,,https://contribua.org/bairros/oeste/catole/Rua_Sebastiao_Vieira_da_Silva__1273__180.jpg
9,Building Height,Estimate average building height on each side of the street,"Building height: height in feet, assuming 10 feet (3.04 meters) per floor, including the roof floor of buildings with slanted roofs and dormers and any visible sunken floors|Note the height of the buildings on each side, whether they are set back, and the percentage of the block that the buildings of the same height occupy to compute the average|Record “200 feet (60.96 meters)” if you know the building is over 20 floors and you cannot make a better estimate|If you can't tell where one floor starts and the next begins, try using a building with a known height near it as a guide|If the building has different heights, count to the highest floor of the building",,,,,,,https://contribua.org/bairros/oeste/liberdade/Rua_Sergipe__1337_0.jpg
9,Building Height,Estimate average building height on each side of the street,"Building height: height in feet, assuming 10 feet (3.04 meters) per floor, including the roof floor of buildings with slanted roofs and dormers and any visible sunken floors|Note the height of the buildings on each side, whether they are set back, and the percentage of the block that the buildings of the same height occupy to compute the average|Record “200 feet (60.96 meters)” if you know the building is over 20 floors and you cannot make a better estimate|If you can't tell where one floor starts and the next begins, try using a building with a known height near it as a guide|If the building has different heights, count to the highest floor of the building",,,,,,,https://contribua.org/bairros/norte/centro/Avenida_Presidente_Getulio_Vargas__210__180.jpg
9,Building Height,Estimate average building height on each side of the street,"Building height: height in feet, assuming 10 feet (3.04 meters) per floor, including the roof floor of buildings with slanted roofs and dormers and any visible sunken floors|Note the height of the buildings on each side, whether they are set back, and the percentage of the block that the buildings of the same height occupy to compute the average|Record “200 feet (60.96 meters)” if you know the building is over 20 floors and you cannot make a better estimate|If you can't tell where one floor starts and the next begins, try using a building with a known height near it as a guide|If the building has different heights, count to the highest floor of the building",,,,,,,https://contribua.org/bairros/oeste/catole/Rua_Aluisio_Cunha_Linha__50__270.jpg
9,Building Height,Estimate average building height on each side of the street,"Building height: height in feet, assuming 10 feet (3.04 meters) per floor, including the roof floor of buildings with slanted roofs and dormers and any visible sunken floors|Note the height of the buildings on each side, whether they are set back, and the percentage of the block that the buildings of the same height occupy to compute the average|Record “200 feet (60.96 meters)” if you know the building is over 20 floors and you cannot make a better estimate|If you can't tell where one floor starts and the next begins, try using a building with a known height near it as a guide|If the building has different heights, count to the highest floor of the building",,,,,,,https://contribua.org/bairros/norte/centro/Avenida_Presidente_Getulio_Vargas__271__90.jpg
9,Building Height,Estimate average building height on each side of the street,"Building height: height in feet, assuming 10 feet (3.04 meters) per floor, including the roof floor of buildings with slanted roofs and dormers and any visible sunken floors|Note the height of the buildings on each side, whether they are set back, and the percentage of the block that the buildings of the same height occupy to compute the average|Record “200 feet (60.96 meters)” if you know the building is over 20 floors and you cannot make a better estimate|If you can't tell where one floor starts and the next begins, try using a building with a known height near it as a guide|If the building has different heights, count to the highest floor of the building",,,,,,,https://contribua.org/bairros/oeste/liberdade/Rua_Santa_Catarina__1231__180.jpg
9,Building Height,Estimate average building height on each side of the street,"Building height: height in feet, assuming 10 feet (3.04 meters) per floor, including the roof floor of buildings with slanted roofs and dormers and any visible sunken floors|Note the height of the buildings on each side, whether they are set back, and the percentage of the block that the buildings of the same height occupy to compute the average|Record “200 feet (60.96 meters)” if you know the building is over 20 floors and you cannot make a better estimate|If you can't tell where one floor starts and the next begins, try using a building with a known height near it as a guide|If the building has different heights, count to the highest floor of the building",,,,,,,https://contribua.org/bairros/norte/centro/Rua_Coronel_Salvino_Figueiredo__251_90.jpg
9,Building Height,Estimate average building height on each side of the street,"Building height: height in feet, assuming 10 feet (3.04 meters) per floor, including the roof floor of buildings with slanted roofs and dormers and any visible sunken floors|Note the height of the buildings on each side, whether they are set back, and the percentage of the block that the buildings of the same height occupy to compute the average|Record “200 feet (60.96 meters)” if you know the building is over 20 floors and you cannot make a better estimate|If you can't tell where one floor starts and the next begins, try using a building with a known height near it as a guide|If the building has different heights, count to the highest floor of the building",,,,,,,https://contribua.org/bairros/norte/centro/Rua_Joao_da_Mata__490_90.jpg
9,Building Height,Estimate average building height on each side of the street,"Building height: height in feet, assuming 10 feet (3.04 meters) per floor, including the roof floor of buildings with slanted roofs and dormers and any visible sunken floors|Note the height of the buildings on each side, whether they are set back, and the percentage of the block that the buildings of the same height occupy to compute the average|Record “200 feet (60.96 meters)” if you know the building is over 20 floors and you cannot make a better estimate|If you can't tell where one floor starts and the next begins, try using a building with a known height near it as a guide|If the building has different heights, count to the highest floor of the building",,,,,,,https://contribua.org/bairros/oeste/liberdade/Rua_Padre_Pedro_Serrao__336__90.jpg
9,Building Height,Estimate average building height on each side of the street,"Building height: height in feet, assuming 10 feet (3.04 meters) per floor, including the roof floor of buildings with slanted roofs and dormers and any visible sunken floors|Note the height of the buildings on each side, whether they are set back, and the percentage of the block that the buildings of the same height occupy to compute the average|Record “200 feet (60.96 meters)” if you know the building is over 20 floors and you cannot make a better estimate|If you can't tell where one floor starts and the next begins, try using a building with a known height near it as a guide|If the building has different heights, count to the highest floor of the building",,,,,,,https://contribua.org/bairros/norte/centro/Rua_Elias_Aforas__202_0.jpg
9,Building Height,Estimate average building height on each side of the street,"Building height: height in feet, assuming 10 feet (3.04 meters) per floor, including the roof floor of buildings with slanted roofs and dormers and any visible sunken floors|Note the height of the buildings on each side, whether they are set back, and the percentage of the block that the buildings of the same height occupy to compute the average|Record “200 feet (60.96 meters)” if you know the building is over 20 floors and you cannot make a better estimate|If you can't tell where one floor starts and the next begins, try using a building with a known height near it as a guide|If the building has different heights, count to the highest floor of the building",,,,,,,https://contribua.org/bairros/norte/centro/Avenida_Dom_Pedro_II__119_270.jpg
9,Building Height,Estimate average building height on each side of the street,"Building height: height in feet, assuming 10 feet (3.04 meters) per floor, including the roof floor of buildings with slanted roofs and dormers and any visible sunken floors|Note the height of the buildings on each side, whether they are set back, and the percentage of the block that the buildings of the same height occupy to compute the average|Record “200 feet (60.96 meters)” if you know the building is over 20 floors and you cannot make a better estimate|If you can't tell where one floor starts and the next begins, try using a building with a known height near it as a guide|If the building has different heights, count to the highest floor of the building",,,,,,,https://contribua.org/bairros/norte/centro/Rua_Joao_da_Mata__490_270.jpg
9,Building Height,Estimate average building height on each side of the street,"Building height: height in feet, assuming 10 feet (3.04 meters) per floor, including the roof floor of buildings with slanted roofs and dormers and any visible sunken floors|Note the height of the buildings on each side, whether they are set back, and the percentage of the block that the buildings of the same height occupy to compute the average|Record “200 feet (60.96 meters)” if you know the building is over 20 floors and you cannot make a better estimate|If you can't tell where one floor starts and the next begins, try using a building with a known height near it as a guide|If the building has different heights, count to the highest floor of the building",,,,,,,https://contribua.org/bairros/norte/centro/Avenida_Presidente_Getulio_Vargas__271__270.jpg
9,Building Height,Estimate average building height on each side of the street,"Building height: height in feet, assuming 10 feet (3.04 meters) per floor, including the roof floor of buildings with slanted roofs and dormers and any visible sunken floors|Note the height of the buildings on each side, whether they are set back, and the percentage of the block that the buildings of the same height occupy to compute the average|Record “200 feet (60.96 meters)” if you know the building is over 20 floors and you cannot make a better estimate|If you can't tell where one floor starts and the next begins, try using a building with a known height near it as a guide|If the building has different heights, count to the highest floor of the building",,,,,,,https://contribua.org/bairros/oeste/liberdade/Rua_Padre_Pedro_Serrao__207__270.jpg
9,Building Height,Estimate average building height on each side of the street,"Building height: height in feet, assuming 10 feet (3.04 meters) per floor, including the roof floor of buildings with slanted roofs and dormers and any visible sunken floors|Note the height of the buildings on each side, whether they are set back, and the percentage of the block that the buildings of the same height occupy to compute the average|Record “200 feet (60.96 meters)” if you know the building is over 20 floors and you cannot make a better estimate|If you can't tell where one floor starts and the next begins, try using a building with a known height near it as a guide|If the building has different heights, count to the highest floor of the building",,,,,,,https://contribua.org/bairros/oeste/liberdade/Rua_Riachuelo__930__180.jpg
9,Building Height,Estimate average building height on each side of the street,"Building height: height in feet, assuming 10 feet (3.04 meters) per floor, including the roof floor of buildings with slanted roofs and dormers and any visible sunken floors|Note the height of the buildings on each side, whether they are set back, and the percentage of the block that the buildings of the same height occupy to compute the average|Record “200 feet (60.96 meters)” if you know the building is over 20 floors and you cannot make a better estimate|If you can't tell where one floor starts and the next begins, try using a building with a known height near it as a guide|If the building has different heights, count to the highest floor of the building",,,,,,,https://contribua.org/bairros/norte/centro/Avenida_Presidente_Getulio_Vargas__395__270.jpg
9,Building Height,Estimate average building height on each side of the street,"Building height: height in feet, assuming 10 feet (3.04 meters) per floor, including the roof floor of buildings with slanted roofs and dormers and any visible sunken floors|Note the height of the buildings on each side, whether they are set back, and the percentage of the block that the buildings of the same height occupy to compute the average|Record “200 feet (60.96 meters)” if you know the building is over 20 floors and you cannot make a better estimate|If you can't tell where one floor starts and the next begins, try using a building with a known height near it as a guide|If the building has different heights, count to the highest floor of the building",,,,,,,https://contribua.org/bairros/norte/centro/Rua_Felix_Araujo__48__90.jpg
9,Building Height,Estimate average building height on each side of the street,"Building height: height in feet, assuming 10 feet (3.04 meters) per floor, including the roof floor of buildings with slanted roofs and dormers and any visible sunken floors|Note the height of the buildings on each side, whether they are set back, and the percentage of the block that the buildings of the same height occupy to compute the average|Record “200 feet (60.96 meters)” if you know the building is over 20 floors and you cannot make a better estimate|If you can't tell where one floor starts and the next begins, try using a building with a known height near it as a guide|If the building has different heights, count to the highest floor of the building",,,,,,,https://contribua.org/bairros/norte/centro/Rua_Augusto_Severo__71_90.jpg
9,Building Height,Estimate average building height on each side of the street,"Building height: height in feet, assuming 10 feet (3.04 meters) per floor, including the roof floor of buildings with slanted roofs and dormers and any visible sunken floors|Note the height of the buildings on each side, whether they are set back, and the percentage of the block that the buildings of the same height occupy to compute the average|Record “200 feet (60.96 meters)” if you know the building is over 20 floors and you cannot make a better estimate|If you can't tell where one floor starts and the next begins, try using a building with a known height near it as a guide|If the building has different heights, count to the highest floor of the building",,,,,,,https://contribua.org/bairros/norte/centro/Rua_Pedro_Alvares_Cabral__129_180.jpg
9,Building Height,Estimate average building height on each side of the street,"Building height: height in feet, assuming 10 feet (3.04 meters) per floor, including the roof floor of buildings with slanted roofs and dormers and any visible sunken floors|Note the height of the buildings on each side, whether they are set back, and the percentage of the block that the buildings of the same height occupy to compute the average|Record “200 feet (60.96 meters)” if you know the building is over 20 floors and you cannot make a better estimate|If you can't tell where one floor starts and the next begins, try using a building with a known height near it as a guide|If the building has different heights, count to the highest floor of the building",,,,,,,https://contribua.org/bairros/oeste/catole/Rua_Doutor_Antonio_Telha__68__270.jpg
9,Building Height,Estimate average building height on each side of the street,"Building height: height in feet, assuming 10 feet (3.04 meters) per floor, including the roof floor of buildings with slanted roofs and dormers and any visible sunken floors|Note the height of the buildings on each side, whether they are set back, and the percentage of the block that the buildings of the same height occupy to compute the average|Record “200 feet (60.96 meters)” if you know the building is over 20 floors and you cannot make a better estimate|If you can't tell where one floor starts and the next begins, try using a building with a known height near it as a guide|If the building has different heights, count to the highest floor of the building",,,,,,,https://contribua.org/bairros/norte/centro/Avenida_Dom_Pedro_II__119_90.jpg
9,Building Height,Estimate average building height on each side of the street,"Building height: height in feet, assuming 10 feet (3.04 meters) per floor, including the roof floor of buildings with slanted roofs and dormers and any visible sunken floors|Note the height of the buildings on each side, whether they are set back, and the percentage of the block that the buildings of the same height occupy to compute the average|Record “200 feet (60.96 meters)” if you know the building is over 20 floors and you cannot make a better estimate|If you can't tell where one floor starts and the next begins, try using a building with a known height near it as a guide|If the building has different heights, count to the highest floor of the building",,,,,,,https://contribua.org/bairros/norte/centro/Rua_Pedro_Alvares_Cabral__129_90.jpg
9,Building Height,Estimate average building height on each side of the street,"Building height: height in feet, assuming 10 feet (3.04 meters) per floor, including the roof floor of buildings with slanted roofs and dormers and any visible sunken floors|Note the height of the buildings on each side, whether they are set back, and the percentage of the block that the buildings of the same height occupy to compute the average|Record “200 feet (60.96 meters)” if you know the building is over 20 floors and you cannot make a better estimate|If you can't tell where one floor starts and the next begins, try using a building with a known height near it as a guide|If the building has different heights, count to the highest floor of the building",,,,,,,https://contribua.org/bairros/oeste/catole/Rua_Cristina_Procopio_da_Silva__62__270.jpg
9,Building Height,Estimate average building height on each side of the street,"Building height: height in feet, assuming 10 feet (3.04 meters) per floor, including the roof floor of buildings with slanted roofs and dormers and any visible sunken floors|Note the height of the buildings on each side, whether they are set back, and the percentage of the block that the buildings of the same height occupy to compute the average|Record “200 feet (60.96 meters)” if you know the building is over 20 floors and you cannot make a better estimate|If you can't tell where one floor starts and the next begins, try using a building with a known height near it as a guide|If the building has different heights, count to the highest floor of the building",,,,,,,https://contribua.org/bairros/oeste/liberdade/Avenida_Assis_Chateaubriand__1334__0.jpg
9,Building Height,Estimate average building height on each side of the street,"Building height: height in feet, assuming 10 feet (3.04 meters) per floor, including the roof floor of buildings with slanted roofs and dormers and any visible sunken floors|Note the height of the buildings on each side, whether they are set back, and the percentage of the block that the buildings of the same height occupy to compute the average|Record “200 feet (60.96 meters)” if you know the building is over 20 floors and you cannot make a better estimate|If you can't tell where one floor starts and the next begins, try using a building with a known height near it as a guide|If the building has different heights, count to the highest floor of the building",,,,,,,https://contribua.org/bairros/norte/centro/Rua_Felix_Araujo__132__270.jpg
9,Building Height,Estimate average building height on each side of the street,"Building height: height in feet, assuming 10 feet (3.04 meters) per floor, including the roof floor of buildings with slanted roofs and dormers and any visible sunken floors|Note the height of the buildings on each side, whether they are set back, and the percentage of the block that the buildings of the same height occupy to compute the average|Record “200 feet (60.96 meters)” if you know the building is over 20 floors and you cannot make a better estimate|If you can't tell where one floor starts and the next begins, try using a building with a known height near it as a guide|If the building has different heights, count to the highest floor of the building",,,,,,,https://contribua.org/bairros/norte/centro/Rua_Augusto_Severo__71_0.jpg
9,Building Height,Estimate average building height on each side of the street,"Building height: height in feet, assuming 10 feet (3.04 meters) per floor, including the roof floor of buildings with slanted roofs and dormers and any visible sunken floors|Note the height of the buildings on each side, whether they are set back, and the percentage of the block that the buildings of the same height occupy to compute the average|Record “200 feet (60.96 meters)” if you know the building is over 20 floors and you cannot make a better estimate|If you can't tell where one floor starts and the next begins, try using a building with a known height near it as a guide|If the building has different heights, count to the highest floor of the building",,,,,,,https://contribua.org/bairros/oeste/liberdade/Rua_Riachuelo__455__0.jpg
9,Building Height,Estimate average building height on each side of the street,"Building height: height in feet, assuming 10 feet (3.04 meters) per floor, including the roof floor of buildings with slanted roofs and dormers and any visible sunken floors|Note the height of the buildings on each side, whether they are set back, and the percentage of the block that the buildings of the same height occupy to compute the average|Record “200 feet (60.96 meters)” if you know the building is over 20 floors and you cannot make a better estimate|If you can't tell where one floor starts and the next begins, try using a building with a known height near it as a guide|If the building has different heights, count to the highest floor of the building",,,,,,,https://contribua.org/bairros/norte/centro/Avenida_Presidente_Getulio_Vargas__210__0.jpg
9,Building Height,Estimate average building height on each side of the street,"Building height: height in feet, assuming 10 feet (3.04 meters) per floor, including the roof floor of buildings with slanted roofs and dormers and any visible sunken floors|Note the height of the buildings on each side, whether they are set back, and the percentage of the block that the buildings of the same height occupy to compute the average|Record “200 feet (60.96 meters)” if you know the building is over 20 floors and you cannot make a better estimate|If you can't tell where one floor starts and the next begins, try using a building with a known height near it as a guide|If the building has different heights, count to the highest floor of the building",,,,,,,https://contribua.org/bairros/norte/centro/Rua_Capitao_Joao_de_Sa__45__180.jpg
9,Building Height,Estimate average building height on each side of the street,"Building height: height in feet, assuming 10 feet (3.04 meters) per floor, including the roof floor of buildings with slanted roofs and dormers and any visible sunken floors|Note the height of the buildings on each side, whether they are set back, and the percentage of the block that the buildings of the same height occupy to compute the average|Record “200 feet (60.96 meters)” if you know the building is over 20 floors and you cannot make a better estimate|If you can't tell where one floor starts and the next begins, try using a building with a known height near it as a guide|If the building has different heights, count to the highest floor of the building",,,,,,,https://contribua.org/bairros/norte/centro/Rua_Manoel_P._de_Araujo__150_270.jpg
9,Building Height,Estimate average building height on each side of the street,"Building height: height in feet, assuming 10 feet (3.04 meters) per floor, including the roof floor of buildings with slanted roofs and dormers and any visible sunken floors|Note the height of the buildings on each side, whether they are set back, and the percentage of the block that the buildings of the same height occupy to compute the average|Record “200 feet (60.96 meters)” if you know the building is over 20 floors and you cannot make a better estimate|If you can't tell where one floor starts and the next begins, try using a building with a known height near it as a guide|If the building has different heights, count to the highest floor of the building",,,,,,,https://contribua.org/bairros/norte/centro/Rua_Capitao_Joao_de_Sa__45__0.jpg
9,Building Height,Estimate average building height on each side of the street,"Building height: height in feet, assuming 10 feet (3.04 meters) per floor, including the roof floor of buildings with slanted roofs and dormers and any visible sunken floors|Note the height of the buildings on each side, whether they are set back, and the percentage of the block that the buildings of the same height occupy to compute the average|Record “200 feet (60.96 meters)” if you know the building is over 20 floors and you cannot make a better estimate|If you can't tell where one floor starts and the next begins, try using a building with a known height near it as a guide|If the building has different heights, count to the highest floor of the building",,,,,,,https://contribua.org/bairros/oeste/liberdade/Rua_Edesio_Silva__602__180.jpg
9,Building Height,Estimate average building height on each side of the street,"Building height: height in feet, assuming 10 feet (3.04 meters) per floor, including the roof floor of buildings with slanted roofs and dormers and any visible sunken floors|Note the height of the buildings on each side, whether they are set back, and the percentage of the block that the buildings of the same height occupy to compute the average|Record “200 feet (60.96 meters)” if you know the building is over 20 floors and you cannot make a better estimate|If you can't tell where one floor starts and the next begins, try using a building with a known height near it as a guide|If the building has different heights, count to the highest floor of the building",,,,,,,https://contribua.org/bairros/norte/centro/Rua_Manoel_P._de_Araujo__370_0.jpg
9,Building Height,Estimate average building height on each side of the street,"Building height: height in feet, assuming 10 feet (3.04 meters) per floor, including the roof floor of buildings with slanted roofs and dormers and any visible sunken floors|Note the height of the buildings on each side, whether they are set back, and the percentage of the block that the buildings of the same height occupy to compute the average|Record “200 feet (60.96 meters)” if you know the building is over 20 floors and you cannot make a better estimate|If you can't tell where one floor starts and the next begins, try using a building with a known height near it as a guide|If the building has different heights, count to the highest floor of the building",,,,,,,https://contribua.org/bairros/oeste/liberdade/Rua_Sergipe__1337_90.jpg
9,Building Height,Estimate average building height on each side of the street,"Building height: height in feet, assuming 10 feet (3.04 meters) per floor, including the roof floor of buildings with slanted roofs and dormers and any visible sunken floors|Note the height of the buildings on each side, whether they are set back, and the percentage of the block that the buildings of the same height occupy to compute the average|Record “200 feet (60.96 meters)” if you know the building is over 20 floors and you cannot make a better estimate|If you can't tell where one floor starts and the next begins, try using a building with a known height near it as a guide|If the building has different heights, count to the highest floor of the building",,,,,,,https://contribua.org/bairros/norte/centro/Rua_Manoel_P._de_Araujo__150_90.jpg
9,Building Height,Estimate average building height on each side of the street,"Building height: height in feet, assuming 10 feet (3.04 meters) per floor, including the roof floor of buildings with slanted roofs and dormers and any visible sunken floors|Note the height of the buildings on each side, whether they are set back, and the percentage of the block that the buildings of the same height occupy to compute the average|Record “200 feet (60.96 meters)” if you know the building is over 20 floors and you cannot make a better estimate|If you can't tell where one floor starts and the next begins, try using a building with a known height near it as a guide|If the building has different heights, count to the highest floor of the building",,,,,,,https://contribua.org/bairros/norte/centro/Rua_Felix_Araujo__132__90.jpg
9,Building Height,Estimate average building height on each side of the street,"Building height: height in feet, assuming 10 feet (3.04 meters) per floor, including the roof floor of buildings with slanted roofs and dormers and any visible sunken floors|Note the height of the buildings on each side, whether they are set back, and the percentage of the block that the buildings of the same height occupy to compute the average|Record “200 feet (60.96 meters)” if you know the building is over 20 floors and you cannot make a better estimate|If you can't tell where one floor starts and the next begins, try using a building with a known height near it as a guide|If the building has different heights, count to the highest floor of the building",,,,,,,https://contribua.org/bairros/norte/centro/Rua_Manoel_P._de_Araujo__370_180.jpg
